model,task,method,k,gamma,ndcg10,diff,recall100,avgcos,p
gemma,FiQA2018,none,768,,0.4739,0.0,0.7959,0.2341,nan
gemma,FiQA2018,r1,768,,0.4731,-0.0007,0.7917,-0.0001,0.8307
gemma,FiQA2018,r2,768,,0.4765,0.0027,0.7981,-0.0001,0.132
gemma,FiQA2018,spectemp,64,0.5598,0.3285,-0.1453,0.7052,-0.0001,0.0
gemma,FiQA2018,pca,64,0.0,0.3134,-0.1605,0.692,-0.0001,0.0
gemma,FiQA2018,whitening,64,1.0,0.3271,-0.1468,0.6954,-0.0001,0.0
gemma,FiQA2018,r2_spectemp,64,0.6585,0.3392,-0.1347,0.713,-0.0001,0.0
gemma,FiQA2018,spectemp,128,0.3092,0.4242,-0.0497,0.7651,-0.0001,0.0
gemma,FiQA2018,pca,128,0.0,0.4126,-0.0612,0.7521,-0.0001,0.0
gemma,FiQA2018,whitening,128,1.0,0.4128,-0.0611,0.7421,-0.0001,0.0
gemma,FiQA2018,r2_spectemp,128,0.3625,0.4304,-0.0434,0.7727,-0.0001,0.0
gemma,FiQA2018,spectemp,256,0.1576,0.4527,-0.0211,0.7917,-0.0001,0.0002
gemma,FiQA2018,pca,256,0.0,0.4487,-0.0252,0.7843,-0.0001,0.0
gemma,FiQA2018,whitening,256,1.0,0.4237,-0.0502,0.7553,0.0,0.0
gemma,FiQA2018,r2_spectemp,256,0.1835,0.4548,-0.0191,0.7924,-0.0001,0.0001
gemma,FiQA2018,spectemp,768,0.0098,0.4738,-0.0001,0.7919,-0.0001,0.9845
gemma,FiQA2018,pca,768,0.0,0.4731,-0.0007,0.7917,-0.0001,0.8307
gemma,FiQA2018,whitening,768,1.0,0.3773,-0.0965,0.6696,0.0,0.0
gemma,FiQA2018,r2_spectemp,768,0.0114,0.4749,0.0011,0.7971,-0.0001,0.5811
gemma,FiQA2018,gamma_grid,128,0.25,0.4226,-0.0513,0.7636,-0.0001,0.0
gemma,FiQA2018,gamma_grid,128,0.5,0.4269,-0.0469,0.7624,-0.0001,0.0
gemma,FiQA2018,gamma_grid,128,0.75,0.4213,-0.0525,0.7592,-0.0001,0.0
gemma,FiQA2018,spectemp_S1.0,128,0.3538,0.4275,-0.0464,0.765,-0.0001,0.0
gemma,FiQA2018,spectemp_S2.0,128,0.4947,0.4269,-0.047,0.7624,-0.0001,0.0
gemma,SciFact,none,768,,0.7868,0.0,0.975,0.2278,nan
gemma,SciFact,r1,768,,0.7851,-0.0016,0.9717,-0.0001,0.6925
gemma,SciFact,r2,768,,0.7886,0.0018,0.9717,-0.0001,0.2202
gemma,SciFact,spectemp,64,0.7077,0.65,-0.1368,0.945,-0.0001,0.0
gemma,SciFact,pca,64,0.0,0.6361,-0.1506,0.945,-0.0001,0.0
gemma,SciFact,whitening,64,1.0,0.6472,-0.1396,0.9417,-0.0,0.0
gemma,SciFact,r2_spectemp,64,0.5267,0.7005,-0.0863,0.9583,-0.0,0.0
gemma,SciFact,spectemp,128,0.3715,0.7382,-0.0485,0.975,-0.0001,0.0
gemma,SciFact,pca,128,0.0,0.7244,-0.0623,0.965,-0.0001,0.0
gemma,SciFact,whitening,128,1.0,0.7284,-0.0583,0.9506,-0.0001,0.0
gemma,SciFact,r2_spectemp,128,0.2762,0.7524,-0.0344,0.975,-0.0001,0.0
gemma,SciFact,spectemp,256,0.1661,0.7771,-0.0097,0.9717,-0.0001,0.1278
gemma,SciFact,pca,256,0.0,0.7669,-0.0198,0.9683,-0.0001,0.0024
gemma,SciFact,whitening,256,1.0,0.7392,-0.0476,0.9472,-0.0002,0.0
gemma,SciFact,r2_spectemp,256,0.1229,0.7878,0.001,0.9717,-0.0001,0.8098
gemma,SciFact,spectemp,768,0.0063,0.7851,-0.0016,0.9717,-0.0001,0.6875
gemma,SciFact,pca,768,0.0,0.7851,-0.0016,0.9717,-0.0001,0.6925
gemma,SciFact,whitening,768,1.0,0.6772,-0.1096,0.8802,-0.0002,0.0
gemma,SciFact,r2_spectemp,768,0.0047,0.7875,0.0007,0.9717,-0.0001,0.6998
gemma,SciFact,gamma_grid,128,0.25,0.7365,-0.0503,0.9717,-0.0001,0.0
gemma,SciFact,gamma_grid,128,0.5,0.7393,-0.0474,0.9683,-0.0001,0.0
gemma,SciFact,gamma_grid,128,0.75,0.7326,-0.0541,0.9617,-0.0001,0.0
gemma,SciFact,spectemp_S1.0,128,0.3715,0.7382,-0.0485,0.975,-0.0001,0.0
gemma,SciFact,spectemp_S2.0,128,0.5178,0.7378,-0.049,0.9683,-0.0001,0.0
qwen,FiQA2018,none,1024,,0.4741,0.0,0.8166,0.2346,nan
qwen,FiQA2018,r1,1024,,0.4746,0.0006,0.8063,-0.0001,0.8697
qwen,FiQA2018,r2,1024,,0.4736,-0.0005,0.808,-0.0001,0.8724
qwen,FiQA2018,spectemp,64,0.849,0.3886,-0.0854,0.7472,-0.0001,0.0
qwen,FiQA2018,pca,64,0.0,0.3941,-0.08,0.7547,0.0001,0.0
qwen,FiQA2018,whitening,64,1.0,0.3838,-0.0903,0.7392,-0.0001,0.0
qwen,FiQA2018,r2_spectemp,64,0.8734,0.3911,-0.0829,0.7511,-0.0001,0.0
qwen,FiQA2018,spectemp,128,0.4546,0.4496,-0.0244,0.7946,-0.0001,0.0001
qwen,FiQA2018,pca,128,0.0,0.4432,-0.0309,0.795,-0.0,0.0
qwen,FiQA2018,whitening,128,1.0,0.4273,-0.0468,0.7558,-0.0,0.0
qwen,FiQA2018,r2_spectemp,128,0.4729,0.4492,-0.0249,0.7875,-0.0001,0.0
qwen,FiQA2018,spectemp,256,0.1981,0.4684,-0.0057,0.8005,-0.0001,0.1539
qwen,FiQA2018,pca,256,0.0,0.4682,-0.0058,0.805,-0.0001,0.1603
qwen,FiQA2018,whitening,256,1.0,0.4285,-0.0456,0.7407,-0.0,0.0
qwen,FiQA2018,r2_spectemp,256,0.206,0.47,-0.0041,0.8037,-0.0001,0.2574
qwen,FiQA2018,spectemp,1024,0.0027,0.4743,0.0002,0.8063,-0.0001,0.9434
qwen,FiQA2018,pca,1024,0.0,0.4746,0.0006,0.8063,-0.0001,0.8697
qwen,FiQA2018,whitening,1024,1.0,0.4059,-0.0682,0.7188,-0.0001,0.0
qwen,FiQA2018,r2_spectemp,1024,0.0029,0.4735,-0.0006,0.8076,-0.0001,0.842
qwen,FiQA2018,gamma_grid,128,0.25,0.4488,-0.0253,0.7976,-0.0001,0.0
qwen,FiQA2018,gamma_grid,128,0.5,0.4487,-0.0253,0.7902,-0.0001,0.0
qwen,FiQA2018,gamma_grid,128,0.75,0.4375,-0.0366,0.7725,-0.0001,0.0
qwen,FiQA2018,spectemp_S1.0,128,0.5728,0.4452,-0.0289,0.7848,-0.0001,0.0
qwen,FiQA2018,spectemp_S2.0,128,0.5728,0.4452,-0.0289,0.7848,-0.0001,0.0
qwen,SciFact,none,1024,,0.6968,0.0,0.9533,0.2842,nan
qwen,SciFact,r1,1024,,0.7028,0.006,0.9467,-0.0001,0.3056
qwen,SciFact,r2,1024,,0.7013,0.0045,0.9467,-0.0001,0.386
qwen,SciFact,spectemp,64,0.6933,0.6317,-0.0651,0.9333,-0.0001,0.0
qwen,SciFact,pca,64,0.0,0.6367,-0.0601,0.9267,-0.0001,0.0
qwen,SciFact,whitening,64,1.0,0.6197,-0.0771,0.9283,-0.0001,0.0
qwen,SciFact,r2_spectemp,64,0.7049,0.6321,-0.0647,0.935,-0.0001,0.0
qwen,SciFact,spectemp,128,0.3499,0.6782,-0.0186,0.95,-0.0001,0.0475
qwen,SciFact,pca,128,0.0,0.681,-0.0158,0.94,-0.0001,0.1229
qwen,SciFact,whitening,128,1.0,0.6535,-0.0433,0.9333,-0.0001,0.0001
qwen,SciFact,r2_spectemp,128,0.3527,0.6839,-0.0129,0.95,-0.0001,0.1521
qwen,SciFact,spectemp,256,0.1404,0.6995,0.0027,0.9467,-0.0001,0.6977
qwen,SciFact,pca,256,0.0,0.6983,0.0015,0.9433,-0.0001,0.8417
qwen,SciFact,whitening,256,1.0,0.68,-0.0168,0.9233,-0.0002,0.1391
qwen,SciFact,r2_spectemp,256,0.1415,0.6997,0.0028,0.95,-0.0001,0.6661
qwen,SciFact,spectemp,1024,0.0014,0.7028,0.006,0.9467,-0.0001,0.3056
qwen,SciFact,pca,1024,0.0,0.7028,0.006,0.9467,-0.0001,0.3056
qwen,SciFact,whitening,1024,1.0,0.6742,-0.0226,0.8776,-0.0002,0.0849
qwen,SciFact,r2_spectemp,1024,0.0014,0.7012,0.0044,0.95,-0.0001,0.4017
qwen,SciFact,gamma_grid,128,0.25,0.6801,-0.0167,0.9467,-0.0001,0.0879
qwen,SciFact,gamma_grid,128,0.5,0.6749,-0.0219,0.9467,-0.0001,0.0153
qwen,SciFact,gamma_grid,128,0.75,0.6681,-0.0287,0.9467,-0.0001,0.0038
qwen,SciFact,spectemp_S1.0,128,0.3499,0.6782,-0.0186,0.95,-0.0001,0.0475
qwen,SciFact,spectemp_S2.0,128,0.5449,0.6726,-0.0242,0.9467,-0.0001,0.0114
